OBJECTID,POA_CODE_2016,POA_NAME_2016,ActiveCases,Population,IRSD_Score,IRSD_Decile_VIC,IRSD_Perc_VIC,data_date,SHAPE_Length,SHAPE_Area
1,2739,2739,,1401,962,5,41,,0.498518096846335,0.00490504507349343
2,3000,3000,0,37975,1043,8,76,2021/01/30 00:00:00+00,0.115066353620171,0.000328037444856714
3,3002,3002,0,4964,1160,10,100,2021/01/30 00:00:00+00,0.0594010854641169,0.000190233451860492
4,3003,3003,0,5515,1101,10,93,2021/01/30 00:00:00+00,0.139532929077251,0.000674346383493614
5,3004,3004,0,9307,1128,10,98,2021/01/30 00:00:00+00,0.130971306988143,0.000339665937103924
6,3005,3005,0,525,1121,10,97,2021/01/30 00:00:00+00,0.017922739912821,1.18766375685114e-05
7,3006,3006,0,18808,1117,10,96,2021/01/30 00:00:00+00,0.0665833119700191,0.000188951986388011
8,3008,3008,0,10437,1119,10,96,2021/01/30 00:00:00+00,0.0883355432458617,0.000309180112701705
9,3010,3010,0,,,,,2021/01/30 00:00:00+00,0.0306670304592173,5.51888536416133e-05
10,3011,3011,0,21462,1016,7,64,2021/01/30 00:00:00+00,0.121593680391614,0.00061083539707176
11,3012,3012,0,26298,1011,7,61,2021/01/30 00:00:00+00,0.242858895497875,0.00156093540741735
12,3013,3013,0,14965,1089,9,90,2021/01/30 00:00:00+00,0.131021279430364,0.000580577856334954
13,3015,3015,0,17472,1089,9,90,2021/01/30 00:00:00+00,0.22389209914547,0.000910827414321223
14,3016,3016,0,15560,1091,10,91,2021/01/30 00:00:00+00,0.178708302122674,0.000755165064175259
15,3018,3018,0,12689,1031,8,72,2021/01/30 00:00:00+00,0.241160521856771,0.00181189229284767
16,3019,3019,0,9195,874,1,3,2021/01/30 00:00:00+00,0.0955977554278177,0.0004413381670741
17,3020,3020,0,44783,901,1,6,2021/01/30 00:00:00+00,0.27582952598861,0.00256781309725379
18,3021,3021,0,54191,870,1,3,2021/01/30 00:00:00+00,0.238299096511798,0.0020206258056861
19,3022,3022,0,3103,911,1,9,2021/01/30 00:00:00+00,0.0769962151913179,0.000216676883599705
20,3023,3023,0,63972,984,5,43,2021/01/30 00:00:00+00,0.364169549516403,0.00403867813296185
21,3024,3024,0,23849,972,4,36,2021/01/30 00:00:00+00,0.80886354440954,0.0154792788196129
22,3025,3025,0,12152,955,3,26,2021/01/30 00:00:00+00,0.190966624970544,0.00142840661527909
23,3026,3026,0,73,635,1,1,2021/01/30 00:00:00+00,0.206959944676667,0.00158277121968498
24,3027,3027,0,6646,1090,9,90,2021/01/30 00:00:00+00,0.0818188426305363,0.000392537449213963
25,3028,3028,0,29201,964,4,31,2021/01/30 00:00:00+00,0.241504014894035,0.00162962909594791
26,3029,3029,0,93950,992,5,48,2021/01/30 00:00:00+00,0.57924714744038,0.0105365332189267
27,3030,3030,0,100313,1015,7,63,2021/01/30 00:00:00+00,1.30622195862907,0.0258884111568961
28,3031,3031,0,18531,1019,7,65,2021/01/30 00:00:00+00,0.107935320975221,0.00051340022466627
29,3032,3032,0,29450,1052,8,79,2021/01/30 00:00:00+00,0.208736882730596,0.000997069047987786
30,3033,3033,0,14514,1022,7,68,2021/01/30 00:00:00+00,0.167443003600834,0.00089919134868454
31,3034,3034,0,11633,997,6,51,2021/01/30 00:00:00+00,0.119829371496092,0.000552558372587025
32,3036,3036,0,5925,1064,9,83,2021/01/30 00:00:00+00,0.393588208622556,0.00185781861432545
33,3037,3037,0,51155,1000,6,53,2021/01/30 00:00:00+00,0.263970948381627,0.00230337958506211
34,3038,3038,0,27262,1010,7,61,2021/01/30 00:00:00+00,0.192555417912926,0.00136364284975155
35,3039,3039,0,14250,1089,9,90,2021/01/30 00:00:00+00,0.112743447468531,0.000443875374785679
36,3040,3040,0,25936,1087,9,89,2021/01/30 00:00:00+00,0.192689582567015,0.000894501328875367
37,3041,3041,0,12412,1086,9,89,2021/01/30 00:00:00+00,0.156436776363843,0.000841812855200365
38,3042,3042,0,15766,1021,7,67,2021/01/30 00:00:00+00,0.196013091957086,0.00090674931846542
39,3043,3043,0,17716,972,4,36,2021/01/30 00:00:00+00,0.225519319166251,0.00126965392316034
40,3044,3044,0,27116,1039,8,74,2021/01/30 00:00:00+00,0.162926599087685,0.00081996070908107
41,3045,3045,0,104,1061,9,82,2021/01/30 00:00:00+00,0.325569689367841,0.00275835827429669
42,3046,3046,0,34063,969,4,35,2021/01/30 00:00:00+00,0.212734798729803,0.00146050730724765
43,3047,3047,0,20903,821,1,1,2021/01/30 00:00:00+00,0.150942359333949,0.00117358765842951
44,3048,3048,0,18029,840,1,1,2021/01/30 00:00:00+00,0.125689535734429,0.000793005961788078
45,3049,3049,0,9262,988,5,46,2021/01/30 00:00:00+00,0.165779658534627,0.00103114546127202
46,3050,3050,0,117,1107,10,95,2021/01/30 00:00:00+00,0.0127777675646785,8.57427055336453e-06
47,3051,3051,0,14940,1028,8,71,2021/01/30 00:00:00+00,0.069381502038577,0.000239407438216613
48,3052,3052,0,5694,1098,10,92,2021/01/30 00:00:00+00,0.0804888464965552,0.000352110302909383
49,3053,3053,0,18535,1009,6,60,2021/01/30 00:00:00+00,0.0612089041173684,0.000179186515046074
50,3054,3054,0,8428,1120,10,97,2021/01/30 00:00:00+00,0.0617082268085333,0.00023533562464197
51,3055,3055,0,14159,1052,8,79,2021/01/30 00:00:00+00,0.117792227996976,0.000330662840278354
52,3056,3056,0,24473,1081,9,88,2021/01/30 00:00:00+00,0.108360833399717,0.000510012808510565
53,3057,3057,0,11504,1091,10,91,2021/01/30 00:00:00+00,0.0806231601370017,0.00023047754957875
54,3058,3058,0,33778,1037,8,74,2021/01/30 00:00:00+00,0.160619759279454,0.0011959286994101
55,3059,3059,0,15466,1049,8,78,2021/01/30 00:00:00+00,0.2839082057798,0.00311632523903135
56,3060,3060,0,14043,925,2,14,2021/01/30 00:00:00+00,0.11799118081012,0.000532690722820824
57,3061,3061,0,5056,844,1,2,2021/01/30 00:00:00+00,0.181984585527972,0.00125252999071631
58,3062,3062,0,,,,,2021/01/30 00:00:00+00,0.116819899030722,0.000551928902003749
59,3063,3063,0,573,1059,9,82,2021/01/30 00:00:00+00,0.451480785493529,0.00459508666032356
60,3064,3064,0,75457,957,3,28,2021/01/30 00:00:00+00,0.611005825158305,0.0109423451645726
61,3065,3065,0,10445,1022,7,67,2021/01/30 00:00:00+00,0.0498945544092938,0.000145269449363959
62,3066,3066,0,8513,999,6,53,2021/01/30 00:00:00+00,0.0484642250627257,0.00013543781366972
63,3067,3067,0,8197,1114,10,96,2021/01/30 00:00:00+00,0.0934981737185086,0.000187494609999446
64,3068,3068,0,18662,1113,10,95,2021/01/30 00:00:00+00,0.0955899059545069,0.00041528372129881
65,3070,3070,0,24561,1094,10,91,2021/01/30 00:00:00+00,0.120053105042689,0.000614379343612435
66,3071,3071,0,18568,1057,9,81,2021/01/30 00:00:00+00,0.132651863186053,0.000524689107780682
67,3072,3072,0,32851,1011,7,62,2021/01/30 00:00:00+00,0.180570569982903,0.00117242451826239
68,3073,3073,0,50474,960,3,30,2021/01/30 00:00:00+00,0.283363742238116,0.00193743243217057
69,3074,3074,0,20523,888,1,4,2021/01/30 00:00:00+00,0.230247086681563,0.00150630913397174
70,3075,3075,0,22594,906,1,8,2021/01/30 00:00:00+00,0.164376373445078,0.000790367481167439
71,3076,3076,0,32395,966,4,33,2021/01/30 00:00:00+00,0.337112725700548,0.00360506038843119
72,3078,3078,0,11638,1101,10,93,2021/01/30 00:00:00+00,0.212747143945273,0.000650119840284412
73,3079,3079,0,15988,1114,10,96,2021/01/30 00:00:00+00,0.20122404504827,0.000782859183604332
74,3081,3081,0,13424,942,2,20,2021/01/30 00:00:00+00,0.125749367178603,0.000634793257337413
75,3082,3082,0,29710,995,5,50,2021/01/30 00:00:00+00,0.197714663033081,0.00133299425347342
76,3083,3083,0,31526,1015,7,64,2021/01/30 00:00:00+00,0.303811359675496,0.00165446057296485
77,3084,3084,0,25517,1088,9,89,2021/01/30 00:00:00+00,0.231430602492415,0.00133627150742166
78,3085,3085,0,13886,1071,9,85,2021/01/30 00:00:00+00,0.174056961126894,0.000766679882317185
79,3086,3086,0,,,,,2021/01/30 00:00:00+00,0.0765465993869298,0.000244298412517837
80,3087,3087,0,9031,1023,7,68,2021/01/30 00:00:00+00,0.115423430427443,0.000382812210498226
81,3088,3088,0,26892,1059,9,81,2021/01/30 00:00:00+00,0.233697774382448,0.00134342752098268
82,3089,3089,0,11733,1077,9,87,2021/01/30 00:00:00+00,0.271150581139249,0.00182201025493636
83,3090,3090,0,2364,1116,10,96,2021/01/30 00:00:00+00,0.215293188319165,0.00112099355401835
84,3091,3091,0,1588,1097,10,92,2021/01/30 00:00:00+00,0.281201241936358,0.00156718207087833
85,3093,3093,0,3891,1105,10,94,2021/01/30 00:00:00+00,0.161783800879181,0.000696510572352673
86,3094,3094,0,8960,1073,9,87,2021/01/30 00:00:00+00,0.10182215044363,0.00039156887791459
87,3095,3095,0,27771,1104,10,94,2021/01/30 00:00:00+00,0.319728892088678,0.00308875812036774
88,3096,3096,0,1961,1061,9,82,2021/01/30 00:00:00+00,0.203304052181638,0.000917311546259732
89,3097,3097,0,1443,1124,10,98,2021/01/30 00:00:00+00,0.545542290926099,0.00406493788857248
90,3099,3099,0,4878,1065,9,84,2021/01/30 00:00:00+00,0.823011274865089,0.0101984918608772
91,3101,3101,0,24605,1134,10,99,2021/01/30 00:00:00+00,0.240181590994058,0.00107158105156901
92,3102,3102,0,6635,1120,10,97,2021/01/30 00:00:00+00,0.117680268839036,0.000415768275649091
93,3103,3103,0,15343,1106,10,94,2021/01/30 00:00:00+00,0.136346463502651,0.000540057433905893
94,3104,3104,0,20406,1109,10,95,2021/01/30 00:00:00+00,0.141284454891596,0.000930299333027131
95,3105,3105,0,10873,1053,8,80,2021/01/30 00:00:00+00,0.173976154762206,0.00066578503416569
96,3106,3106,0,16618,1098,10,92,2021/01/30 00:00:00+00,0.212423530693421,0.00165042741488855
97,3107,3107,0,13552,1072,9,86,2021/01/30 00:00:00+00,0.13415713431102,0.000606823847386713
98,3108,3108,0,20826,1051,8,79,2021/01/30 00:00:00+00,0.15603287012553,0.000896713638047822
99,3109,3109,0,28360,1064,9,83,2021/01/30 00:00:00+00,0.208743233082695,0.00113599143936192
100,3111,3111,0,12347,1090,9,90,2021/01/30 00:00:00+00,0.232461265216602,0.00119451249756444
101,3113,3113,0,8457,1122,10,97,2021/01/30 00:00:00+00,0.300342987975144,0.0026697806534551
102,3114,3114,0,3822,1141,10,99,2021/01/30 00:00:00+00,0.158672325026738,0.000968909375685027
103,3115,3115,0,3796,1108,10,95,2021/01/30 00:00:00+00,0.33641698945928,0.0023734317351533
104,3116,3116,0,9872,1033,8,72,2021/01/30 00:00:00+00,0.233760550701071,0.00226921114932044
105,3121,3121,0,30499,1081,9,88,2021/01/30 00:00:00+00,0.123555639496391,0.000635829434929439
106,3122,3122,0,23511,1118,10,96,2021/01/30 00:00:00+00,0.130634757841487,0.00060166692781263
107,3123,3123,0,14321,1127,10,98,2021/01/30 00:00:00+00,0.111515636562807,0.000356191281755737
108,3124,3124,0,22094,1137,10,99,2021/01/30 00:00:00+00,0.159084424318521,0.000777793956030589
109,3125,3125,0,15019,1050,8,79,2021/01/30 00:00:00+00,0.133335046880901,0.000623906961673195
110,3126,3126,0,8056,1150,10,100,2021/01/30 00:00:00+00,0.116557842702501,0.000320167062073574
111,3127,3127,0,18445,1138,10,99,2021/01/30 00:00:00+00,0.110093990519822,0.000625600371563162
112,3128,3128,0,19828,1046,8,77,2021/01/30 00:00:00+00,0.114490920475809,0.000719663940435112
113,3129,3129,0,17376,1068,9,85,2021/01/30 00:00:00+00,0.121955994489395,0.000627095097319792
114,3130,3130,0,32174,1071,9,86,2021/01/30 00:00:00+00,0.175666404915809,0.00124783183898509
115,3131,3131,0,22504,1042,8,75,2021/01/30 00:00:00+00,0.18518551554174,0.000935554619285454
116,3132,3132,0,16148,1065,9,83,2021/01/30 00:00:00+00,0.114305352438849,0.000679496302059685
117,3133,3133,0,22125,1072,9,86,2021/01/30 00:00:00+00,0.177578780430529,0.00110561600689608
118,3134,3134,0,32781,1051,8,79,2021/01/30 00:00:00+00,0.339862418535415,0.00233958049928587
119,3135,3135,0,19956,1046,8,77,2021/01/30 00:00:00+00,0.185566858406048,0.000937417477671252
120,3136,3136,0,44369,1026,7,70,2021/01/30 00:00:00+00,0.283195408343847,0.00235677805124688
121,3137,3137,0,13871,1002,6,54,2021/01/30 00:00:00+00,0.217652654492809,0.00129682431833671
122,3138,3138,0,21967,1014,7,63,2021/01/30 00:00:00+00,0.207011853870999,0.00127875241772751
123,3139,3139,0,13718,998,6,52,2021/01/30 00:00:00+00,1.1827671040324,0.0243705858159328
124,3140,3140,0,16531,1006,6,57,2021/01/30 00:00:00+00,0.293634692380618,0.00298455269321074
125,3141,3141,0,25147,1109,10,95,2021/01/30 00:00:00+00,0.0941189081898908,0.000362680775678951
126,3142,3142,0,12909,1144,10,100,2021/01/30 00:00:00+00,0.0917270869253022,0.000438219963973146
127,3143,3143,0,9054,1120,10,97,2021/01/30 00:00:00+00,0.0750689535167489,0.000221830214045294
128,3144,3144,0,10886,1146,10,100,2021/01/30 00:00:00+00,0.102273766952404,0.000349322767337267
129,3145,3145,0,23295,1119,10,97,2021/01/30 00:00:00+00,0.174983649226118,0.000918868430293046
130,3146,3146,0,25255,1142,10,100,2021/01/30 00:00:00+00,0.160725829015103,0.000851709714070276
131,3147,3147,0,14637,1080,9,88,2021/01/30 00:00:00+00,0.135671873727228,0.000550941225281792
132,3148,3148,0,8641,1043,8,76,2021/01/30 00:00:00+00,0.0716034043540864,0.000306395121520592
133,3149,3149,0,33611,1081,9,88,2021/01/30 00:00:00+00,0.158493588646219,0.00155517719874708
134,3150,3150,0,60079,1076,9,87,2021/01/30 00:00:00+00,0.285737029069651,0.0027947708639457
135,3151,3151,0,10273,1036,8,74,2021/01/30 00:00:00+00,0.103750187549588,0.000436729061957791
136,3152,3152,0,33092,1054,8,80,2021/01/30 00:00:00+00,0.276203633535865,0.00227953020308806
137,3153,3153,0,20554,991,5,47,2021/01/30 00:00:00+00,0.23913601179906,0.00148091446548114
138,3154,3154,0,4419,1028,8,71,2021/01/30 00:00:00+00,0.151321318525614,0.00065252457731941
139,3155,3155,0,22195,992,5,47,2021/01/30 00:00:00+00,0.24353510560104,0.00116294223491214
140,3156,3156,0,37464,1028,8,71,2021/01/30 00:00:00+00,0.48378001766226,0.00548191234907844
141,3158,3158,0,6652,1052,8,79,2021/01/30 00:00:00+00,0.132401499293196,0.000637588485035075
142,3159,3159,0,2648,1063,9,83,2021/01/30 00:00:00+00,0.216147743835392,0.00143805520545261
143,3160,3160,0,9014,1052,8,79,2021/01/30 00:00:00+00,0.287576759697637,0.00214635341268215
144,3161,3161,0,15269,1123,10,98,2021/01/30 00:00:00+00,0.0903274725372503,0.0004304629267571
145,3162,3162,0,17448,1112,10,95,2021/01/30 00:00:00+00,0.0863897437485549,0.000485683610582937
146,3163,3163,0,32353,1078,9,88,2021/01/30 00:00:00+00,0.123046845803197,0.000738852009223517
147,3165,3165,0,27635,1072,9,86,2021/01/30 00:00:00+00,0.133379498732369,0.000924121136159309
148,3166,3166,0,23757,1049,8,78,2021/01/30 00:00:00+00,0.152470570107117,0.000867124258847934
149,3167,3167,0,9261,1027,7,70,2021/01/30 00:00:00+00,0.120555372606569,0.000683408209364227
150,3168,3168,0,20197,1025,7,69,2021/01/30 00:00:00+00,0.191609004391143,0.00084262487631612
151,3169,3169,0,20122,970,4,35,2021/01/30 00:00:00+00,0.13743898241474,0.00117424516856649
152,3170,3170,0,19368,1041,8,75,2021/01/30 00:00:00+00,0.204393101841208,0.0010979431654231
153,3171,3171,0,21714,888,1,4,2021/01/30 00:00:00+00,0.163712098210371,0.00113515668197886
154,3172,3172,0,23089,965,4,32,2021/01/30 00:00:00+00,0.168151980302862,0.00130619417438327
155,3173,3173,0,25785,996,5,50,2021/01/30 00:00:00+00,0.204855898343889,0.00222637890956624
156,3174,3174,0,38461,909,1,8,2021/01/30 00:00:00+00,0.210625056729382,0.00126324301119425
157,3175,3175,0,53297,895,1,5,2021/01/30 00:00:00+00,0.508828901775723,0.00757309467722485
158,3177,3177,0,11306,844,1,2,2021/01/30 00:00:00+00,0.119053686390429,0.000535488803344006
159,3178,3178,0,33672,1063,9,83,2021/01/30 00:00:00+00,0.275313675385672,0.00223219514956866
160,3179,3179,0,6022,1027,7,70,2021/01/30 00:00:00+00,0.197304894123634,0.000888875892198338
161,3180,3180,0,7462,1025,7,70,2021/01/30 00:00:00+00,0.143890868582182,0.000580338919854567
162,3181,3181,0,20260,1102,10,93,2021/01/30 00:00:00+00,0.0894402070091218,0.00029958864024954
163,3182,3182,0,23391,1084,9,89,2021/01/30 00:00:00+00,0.103164555336289,0.000381193119681879
164,3183,3183,0,18497,1091,9,90,2021/01/30 00:00:00+00,0.0776335838353257,0.000309595319326664
165,3184,3184,0,15543,1116,10,96,2021/01/30 00:00:00+00,0.0753857767882158,0.00026579856786795
166,3185,3185,0,12929,1106,10,94,2021/01/30 00:00:00+00,0.0858018465332017,0.000322627189716782
167,3186,3186,0,23253,1144,10,100,2021/01/30 00:00:00+00,0.13767871834971,0.000858247531938108
168,3187,3187,0,15998,1123,10,98,2021/01/30 00:00:00+00,0.126794614444553,0.000576376689825571
169,3188,3188,0,18083,1106,10,94,2021/01/30 00:00:00+00,0.12706601016333,0.000568018870269871
170,3189,3189,0,5895,1048,8,77,2021/01/30 00:00:00+00,0.108851788295052,0.000469874100258531
171,3190,3190,0,10454,1070,9,85,2021/01/30 00:00:00+00,0.103041683418788,0.000374422568723134
172,3191,3191,0,10241,1129,10,98,2021/01/30 00:00:00+00,0.122012867370867,0.000402440822983248
173,3192,3192,0,22291,1054,8,80,2021/01/30 00:00:00+00,0.194195624591962,0.00108337790288747
174,3193,3193,0,19508,1136,10,99,2021/01/30 00:00:00+00,0.143448200894816,0.000855448172069062
175,3194,3194,0,12965,1065,9,84,2021/01/30 00:00:00+00,0.169631571846268,0.000772668924391884
176,3195,3195,0,35869,1080,9,88,2021/01/30 00:00:00+00,0.222216598711648,0.00251428133145438
177,3196,3196,0,25327,1029,8,71,2021/01/30 00:00:00+00,0.150535030949066,0.00109565608999623
178,3197,3197,0,11548,1041,8,75,2021/01/30 00:00:00+00,0.130790325875051,0.000598001269874486
179,3198,3198,0,16463,975,4,38,2021/01/30 00:00:00+00,0.168284603234851,0.0012725865421949
180,3199,3199,0,54298,984,5,43,2021/01/30 00:00:00+00,0.25358535896144,0.00353040341960987
181,3200,3200,0,5762,822,1,1,2021/01/30 00:00:00+00,0.125698164633443,0.000526006646168224
182,3201,3201,0,20711,948,3,23,2021/01/30 00:00:00+00,0.233357996598904,0.00208851116395594
183,3202,3202,0,2907,1065,9,84,2021/01/30 00:00:00+00,0.124206952272631,0.000728490973074443
184,3204,3204,0,30635,1092,10,91,2021/01/30 00:00:00+00,0.138293252111513,0.000854642230981796
185,3205,3205,0,10920,1079,9,88,2021/01/30 00:00:00+00,0.09448466417462,0.00022422186057017
186,3206,3206,0,10359,1136,10,99,2021/01/30 00:00:00+00,0.0985111996907436,0.000378087248751286
187,3207,3207,0,16175,1113,10,95,2021/01/30 00:00:00+00,0.189551574838697,0.000978170434179265
188,3211,3211,0,1322,1029,8,71,2021/01/30 00:00:00+00,0.737969002047439,0.0185646693410827
189,3212,3212,0,16652,1000,6,53,2021/01/30 00:00:00+00,0.936146044217801,0.0194621162480016
190,3213,3213,0,4033,1013,7,63,2021/01/30 00:00:00+00,0.924399031318291,0.0257380633386251
191,3214,3214,0,23964,802,1,1,2021/01/30 00:00:00+00,0.256212635494747,0.0027904734852151
192,3215,3215,0,20616,953,3,26,2021/01/30 00:00:00+00,0.214614201662627,0.00172930638342977
193,3216,3216,0,56284,1019,7,66,2021/01/30 00:00:00+00,0.381610499086653,0.00510753076340811
194,3217,3217,0,6607,1068,9,85,2021/01/30 00:00:00+00,0.686028061330504,0.013880153016758
195,3218,3218,0,13437,1007,6,58,2021/01/30 00:00:00+00,0.862361536809836,0.00934420460778738
196,3219,3219,0,19715,910,1,9,2021/01/30 00:00:00+00,0.176629932397061,0.00162225174650111
197,3220,3220,0,16353,1062,9,82,2021/01/30 00:00:00+00,0.218417428364413,0.00118562433816859
198,3221,3221,0,749,1098,10,92,2021/01/30 00:00:00+00,0.728387060019179,0.0114345228914703
199,3222,3222,0,14960,991,5,47,2021/01/30 00:00:00+00,0.723366670855557,0.0149345277945382
200,3223,3223,0,7397,947,3,22,2021/01/30 00:00:00+00,0.464934636085096,0.00738708127682904
201,3224,3224,0,14187,984,5,43,2021/01/30 00:00:00+00,0.431150697788112,0.00642952418409385
202,3225,3225,0,4058,1065,9,84,2021/01/30 00:00:00+00,0.69038870606968,0.00326443240768555
203,3226,3226,0,14165,1040,8,75,2021/01/30 00:00:00+00,0.269270467747209,0.00189760520670373
204,3227,3227,0,4819,1087,9,89,2021/01/30 00:00:00+00,0.560804143828752,0.00764464096351742
205,3228,3228,0,17939,1083,9,89,2021/01/30 00:00:00+00,0.587400008521523,0.0105872456479874
206,3230,3230,0,2545,1045,8,77,2021/01/30 00:00:00+00,0.493487139021352,0.00997778074931538
207,3231,3231,0,1256,1062,9,82,2021/01/30 00:00:00+00,0.472759572682932,0.00605529335438006
208,3232,3232,0,1114,1034,8,73,2021/01/30 00:00:00+00,0.536596199640905,0.0106055495440433
209,3233,3233,0,2030,977,4,39,2021/01/30 00:00:00+00,0.876829373510443,0.0193750790036477
210,3234,3234,0,181,1045,8,76,2021/01/30 00:00:00+00,0.765343524890462,0.0155759962904906
211,3235,3235,0,381,1058,9,81,2021/01/30 00:00:00+00,0.661848548850066,0.019648979032647
212,3236,3236,0,230,965,4,33,2021/01/30 00:00:00+00,0.603567078884884,0.00492682579646508
213,3237,3237,0,214,963,3,30,2021/01/30 00:00:00+00,1.70178491773019,0.0391435006644487
214,3238,3238,0,218,977,4,39,2021/01/30 00:00:00+00,1.21960788869243,0.0243015551231393
215,3239,3239,0,424,963,4,31,2021/01/30 00:00:00+00,1.74693050903743,0.0396620897386123
216,3240,3240,0,2021,1065,9,83,2021/01/30 00:00:00+00,0.863975714136934,0.0224513157114111
217,3241,3241,0,2566,955,3,27,2021/01/30 00:00:00+00,1.61924522363423,0.0638342429902255
218,3242,3242,0,828,1019,7,66,2021/01/30 00:00:00+00,0.879932682897191,0.0136381683852481
219,3243,3243,0,358,1045,8,77,2021/01/30 00:00:00+00,1.33742333894505,0.0265780987257053
220,3249,3249,0,3199,986,5,45,2021/01/30 00:00:00+00,4.02409323536047,0.128260238395554
221,3250,3250,0,12250,908,1,8,2021/01/30 00:00:00+00,0.531468705895383,0.00854996996380334
222,3251,3251,0,522,929,2,16,2021/01/30 00:00:00+00,1.03759646579429,0.0300171110007147
223,3254,3254,0,310,920,2,12,2021/01/30 00:00:00+00,0.233844722688984,0.00181581570926981
224,3260,3260,0,4766,953,3,25,2021/01/30 00:00:00+00,2.27842328324914,0.113912346355858
225,3264,3264,0,2288,923,2,13,2021/01/30 00:00:00+00,0.686304001510354,0.0122841087433509
226,3265,3265,0,2621,1013,7,62,2021/01/30 00:00:00+00,3.16861505101698,0.0921950544000907
227,3266,3266,0,3067,953,3,26,2021/01/30 00:00:00+00,1.85848680929215,0.0586033797243597
228,3267,3267,0,248,990,5,47,2021/01/30 00:00:00+00,0.648014425525921,0.0096504522955507
229,3268,3268,0,2607,993,5,48,2021/01/30 00:00:00+00,1.92959933032864,0.0604497504401944
230,3269,3269,0,730,1022,7,67,2021/01/30 00:00:00+00,1.12443112414943,0.0208100596733694
231,3270,3270,0,247,1019,7,65,2021/01/30 00:00:00+00,0.441532661243416,0.00414858521588198
232,3271,3271,0,196,1035,8,73,2021/01/30 00:00:00+00,1.73590777617078,0.044735273586564
233,3272,3272,0,1539,930,2,16,2021/01/30 00:00:00+00,2.00980519316391,0.0690849435594477
234,3273,3273,0,143,1036,8,73,2021/01/30 00:00:00+00,1.01109820390946,0.0229295118577136
235,3274,3274,0,246,1034,8,73,2021/01/30 00:00:00+00,0.952990812522665,0.028349787837453
236,3275,3275,0,425,1004,6,56,2021/01/30 00:00:00+00,0.229286715302383,0.00166035562961745
237,3276,3276,0,482,985,5,44,2021/01/30 00:00:00+00,1.12184755884357,0.0344126129715569
238,3277,3277,0,1926,997,6,51,2021/01/30 00:00:00+00,0.960159884975732,0.0218559757171727
239,3278,3278,0,313,1002,6,55,2021/01/30 00:00:00+00,0.582165985969835,0.00628770832683833
240,3279,3279,0,290,1003,6,55,2021/01/30 00:00:00+00,0.949982946195263,0.012963088657271
241,3280,3280,0,31569,957,3,28,2021/01/30 00:00:00+00,0.482294212078496,0.00799241265345571
242,3281,3281,0,1699,1048,8,77,2021/01/30 00:00:00+00,0.86064131514774,0.0164899308488125
243,3282,3282,0,2362,974,4,37,2021/01/30 00:00:00+00,0.572657393921058,0.00645797141641754
244,3283,3283,0,1361,1022,7,67,2021/01/30 00:00:00+00,1.55361103282462,0.039408078877245
245,3284,3284,0,3439,1007,6,59,2021/01/30 00:00:00+00,1.32602842520929,0.02279927429491
246,3285,3285,0,1207,1010,7,61,2021/01/30 00:00:00+00,1.93289426898367,0.0423289573199668
247,3286,3286,0,566,967,4,34,2021/01/30 00:00:00+00,1.21849039286149,0.0399427464830719
248,3287,3287,0,433,1007,6,59,2021/01/30 00:00:00+00,1.19379301138728,0.0339271488946763
249,3289,3289,0,756,984,5,43,2021/01/30 00:00:00+00,1.54616484834767,0.0581048084574857
250,3292,3292,0,190,992,5,48,2021/01/30 00:00:00+00,0.854659023278686,0.0231173970893307
251,3293,3293,0,301,969,4,35,2021/01/30 00:00:00+00,1.40008492124253,0.0493167216509196
252,3294,3294,0,959,1035,8,73,2021/01/30 00:00:00+00,2.08224615146187,0.0950308353381101
253,3300,3300,0,10088,950,3,23,2021/01/30 00:00:00+00,1.04320854230173,0.033002412165843
254,3301,3301,0,1211,1045,8,76,2021/01/30 00:00:00+00,4.14026100913942,0.100155163359868
255,3302,3302,0,371,990,5,47,2021/01/30 00:00:00+00,1.27613329877354,0.0434687584652693
256,3303,3303,0,336,954,3,26,2021/01/30 00:00:00+00,1.74524246039964,0.049553945480693
257,3304,3304,0,2725,911,1,9,2021/01/30 00:00:00+00,3.8561513794457,0.20324365187645
258,3305,3305,0,12816,921,2,12,2021/01/30 00:00:00+00,1.98255863060154,0.0825215037276308
259,3309,3309,0,124,955,3,27,2021/01/30 00:00:00+00,0.547480901303697,0.0116301186495235
260,3310,3310,0,276,929,2,15,2021/01/30 00:00:00+00,0.684364821792304,0.0125927378189804
261,3311,3311,0,1696,900,1,6,2021/01/30 00:00:00+00,1.33313919909723,0.0378534414024006
262,3312,3312,0,1031,999,6,53,2021/01/30 00:00:00+00,5.08806609356578,0.303257291347164
263,3314,3314,0,525,1043,8,76,2021/01/30 00:00:00+00,3.02084217019031,0.142355313649764
264,3315,3315,0,1624,952,3,24,2021/01/30 00:00:00+00,3.02870364892159,0.134923184220981
265,3317,3317,0,200,990,5,47,2021/01/30 00:00:00+00,1.22368985907856,0.0389044192598726
266,3318,3318,0,1267,958,3,28,2021/01/30 00:00:00+00,3.04824692490793,0.132033431145698
267,3319,3319,0,344,959,3,29,2021/01/30 00:00:00+00,1.32121222930263,0.0585171706778961
268,3321,3321,0,1518,1053,8,80,2021/01/30 00:00:00+00,1.05795644339963,0.0336539184392397
269,3322,3322,0,175,967,4,34,2021/01/30 00:00:00+00,0.722320733789579,0.011769678118261
270,3323,3323,0,92,1022,7,67,2021/01/30 00:00:00+00,0.804336952881479,0.0231793334262376
271,3324,3324,0,529,918,2,11,2021/01/30 00:00:00+00,1.03550878612333,0.0400099769141963
272,3325,3325,0,479,942,2,20,2021/01/30 00:00:00+00,1.44798024815935,0.0506560842804119
273,3328,3328,0,1721,1012,7,62,2021/01/30 00:00:00+00,0.418825811324407,0.00623390574938108
274,3329,3329,0,285,1007,6,59,2021/01/30 00:00:00+00,1.13748438954673,0.030383853085551
275,3330,3330,0,217,944,3,21,2021/01/30 00:00:00+00,0.845508248477966,0.0191374046158011
276,3331,3331,0,5997,1021,7,66,2021/01/30 00:00:00+00,1.3225661402667,0.0270725135704158
277,3332,3332,0,1014,982,5,42,2021/01/30 00:00:00+00,0.592441553602033,0.00905388923762393
278,3333,3333,0,825,958,3,29,2021/01/30 00:00:00+00,1.00701359174617,0.0247528263110333
279,3334,3334,0,565,953,3,25,2021/01/30 00:00:00+00,1.22290610918799,0.0263341921886252
280,3335,3335,0,5856,1011,7,61,2021/01/30 00:00:00+00,0.541321757830003,0.0102977979824303
281,3337,3337,0,36454,928,2,14,2021/01/30 00:00:00+00,0.64129205439958,0.01581136364254
282,3338,3338,0,23412,936,2,17,2021/01/30 00:00:00+00,0.603759625412849,0.0115581938607696
283,3340,3340,0,21121,985,5,44,2021/01/30 00:00:00+00,1.81941492240495,0.0613642661336598
284,3341,3341,0,1663,1014,7,63,2021/01/30 00:00:00+00,1.07520896249338,0.0159600406870175
285,3342,3342,0,3441,981,5,41,2021/01/30 00:00:00+00,1.87382772439358,0.0456078794916029
286,3345,3345,0,1151,1008,6,59,2021/01/30 00:00:00+00,0.392089638295648,0.00470177146726333
287,3350,3350,0,59145,992,5,48,2021/01/30 00:00:00+00,0.685985985018669,0.008849558076729
288,3351,3351,0,8168,981,5,41,2021/01/30 00:00:00+00,4.64760786164878,0.155100779497475
289,3352,3352,0,15996,1009,6,60,2021/01/30 00:00:00+00,6.47450860731452,0.19615379461358
290,3355,3355,0,13014,879,1,3,2021/01/30 00:00:00+00,0.312469217183236,0.00309056233499883
291,3356,3356,0,16321,886,1,4,2021/01/30 00:00:00+00,0.240593287628413,0.00164946944330194
292,3357,3357,0,3714,1050,8,78,2021/01/30 00:00:00+00,0.328081478546808,0.00259620040630886
293,3360,3360,0,765,918,2,11,2021/01/30 00:00:00+00,1.27319584416049,0.0293625696112579
294,3361,3361,0,680,937,2,18,2021/01/30 00:00:00+00,1.27352281245037,0.04737714066298
295,3363,3363,0,3479,953,3,25,2021/01/30 00:00:00+00,1.48545945162004,0.0164612904829884
296,3364,3364,0,2149,1016,7,64,2021/01/30 00:00:00+00,2.67470420674523,0.0594672852105334
297,3370,3370,0,1783,917,2,11,2021/01/30 00:00:00+00,0.877274461444967,0.0276869728018267
298,3371,3371,0,992,883,1,3,2021/01/30 00:00:00+00,0.963220980388462,0.0316269489113989
299,3373,3373,0,2292,930,2,16,2021/01/30 00:00:00+00,2.08060175556465,0.0904800583757199
300,3374,3374,0,400,994,5,49,2021/01/30 00:00:00+00,0.761852058501661,0.0157149588181447
301,3375,3375,0,208,1010,6,60,2021/01/30 00:00:00+00,1.13400731991053,0.0373657418192433
302,3377,3377,0,9416,915,1,10,2021/01/30 00:00:00+00,3.01241719535565,0.134577985166565
303,3378,3378,0,146,1057,8,80,2021/01/30 00:00:00+00,0.981880042837169,0.0314332646839106
304,3379,3379,0,803,973,4,36,2021/01/30 00:00:00+00,2.86307962657985,0.141389446559726
305,3380,3380,0,6032,894,1,5,2021/01/30 00:00:00+00,0.749028329762615,0.00943597533174962
306,3381,3381,0,1212,1003,6,55,2021/01/30 00:00:00+00,1.93619024719388,0.079511967848749
307,3384,3384,0,547,958,3,29,2021/01/30 00:00:00+00,1.89243401198269,0.0633141116777004
308,3385,3385,0,517,984,5,43,2021/01/30 00:00:00+00,1.80348495017905,0.084526020791479
309,3387,3387,0,312,1005,6,57,2021/01/30 00:00:00+00,1.76995567984763,0.0891731871931239
310,3388,3388,0,561,963,3,30,2021/01/30 00:00:00+00,1.14594286012949,0.0498306394146564
311,3390,3390,0,910,928,2,15,2021/01/30 00:00:00+00,1.22819575011236,0.0443004683289957
312,3391,3391,0,171,993,5,49,2021/01/30 00:00:00+00,0.940543716852027,0.0343996565163086
313,3392,3392,0,580,923,2,14,2021/01/30 00:00:00+00,1.27919780142841,0.0612589377452394
314,3393,3393,0,2685,911,1,9,2021/01/30 00:00:00+00,2.52840266867243,0.139782199833938
315,3395,3395,0,364,953,3,25,2021/01/30 00:00:00+00,1.55196656022252,0.0832268739940523
316,3396,3396,0,739,938,2,18,2021/01/30 00:00:00+00,1.51414512775675,0.0911176617320644
317,3400,3400,0,14543,938,2,18,2021/01/30 00:00:00+00,0.197289745211891,0.00240686988672461
318,3401,3401,0,4421,1025,7,69,2021/01/30 00:00:00+00,6.62101708520038,0.465717003846557
319,3407,3407,0,420,1020,7,66,2021/01/30 00:00:00+00,1.77705685749389,0.0590662524913634
320,3409,3409,0,932,987,5,46,2021/01/30 00:00:00+00,2.50406795831735,0.160514389759602
321,3412,3412,0,299,915,1,10,2021/01/30 00:00:00+00,0.928929382254372,0.0325880898874216
322,3413,3413,0,215,1050,8,78,2021/01/30 00:00:00+00,2.15604925885955,0.0985673135953947
323,3414,3414,0,1826,916,1,10,2021/01/30 00:00:00+00,1.55951542825463,0.0696526815736483
324,3415,3415,0,40,1032,8,72,2021/01/30 00:00:00+00,0.353824854302124,0.0047671155629713
325,3418,3418,0,2772,954,3,26,2021/01/30 00:00:00+00,3.3936636145786,0.296325833936286
326,3419,3419,0,803,975,4,38,2021/01/30 00:00:00+00,1.8177987829393,0.103188068461587
327,3420,3420,0,279,1021,7,67,2021/01/30 00:00:00+00,2.47304980684896,0.167777279730445
328,3423,3423,0,477,849,1,2,2021/01/30 00:00:00+00,1.77290709652481,0.0716670533024569
329,3424,3424,0,769,953,3,25,2021/01/30 00:00:00+00,2.1287966567654,0.136002265551454
330,3427,3427,0,2763,984,5,42,2021/01/30 00:00:00+00,0.495680925706813,0.00691633865657649
331,3428,3428,0,675,1017,7,64,2021/01/30 00:00:00+00,0.444936109913776,0.00344003436991874
332,3429,3429,0,36297,1004,6,56,2021/01/30 00:00:00+00,0.841705744049611,0.0177026178932275
333,3430,3430,0,320,1017,7,65,2021/01/30 00:00:00+00,0.620195682300814,0.00884999737566021
334,3431,3431,0,3947,1060,9,82,2021/01/30 00:00:00+00,0.586699256984563,0.00739005135127604
335,3432,3432,0,197,1013,7,62,2021/01/30 00:00:00+00,0.260572968988024,0.00281835816113656
336,3433,3433,0,218,1057,8,80,2021/01/30 00:00:00+00,0.32329153769451,0.00262119967879594
337,3434,3434,0,5069,1018,7,65,2021/01/30 00:00:00+00,0.867845723961161,0.0169956823835649
338,3435,3435,0,2879,1011,7,62,2021/01/30 00:00:00+00,1.12389659179264,0.0267426384602759
339,3437,3437,0,10439,1072,9,86,2021/01/30 00:00:00+00,0.797167372602017,0.0188297812704253
340,3438,3438,0,2387,1078,9,87,2021/01/30 00:00:00+00,0.262986540088137,0.00266993024729198
341,3440,3440,0,2040,1098,10,92,2021/01/30 00:00:00+00,0.35334287697203,0.00396808346264681
342,3441,3441,0,1335,1127,10,98,2021/01/30 00:00:00+00,0.310464799895113,0.00346189256869597
343,3442,3442,0,7463,1062,9,82,2021/01/30 00:00:00+00,1.22516285742659,0.028031707333666
344,3444,3444,0,9198,998,6,52,2021/01/30 00:00:00+00,2.31160305237956,0.0950090395144933
345,3446,3446,0,1025,997,6,51,2021/01/30 00:00:00+00,0.659413837736086,0.00883833800468874
346,3447,3447,0,448,997,6,52,2021/01/30 00:00:00+00,0.373972299634141,0.00486494447221129
347,3448,3448,0,876,1005,6,57,2021/01/30 00:00:00+00,0.949820145033735,0.0223176059556873
348,3450,3450,0,6834,972,4,36,2021/01/30 00:00:00+00,0.247606401469614,0.00231797286376601
349,3451,3451,0,5656,981,5,41,2021/01/30 00:00:00+00,1.48948839508355,0.0316163392243288
350,3453,3453,0,1723,1019,7,65,2021/01/30 00:00:00+00,0.756320065826795,0.0173639164252711
351,3458,3458,0,1945,1023,7,68,2021/01/30 00:00:00+00,1.61686090176867,0.0358424412866685
352,3460,3460,0,2567,968,4,34,2021/01/30 00:00:00+00,0.600187888266677,0.00457969816808563
353,3461,3461,0,4149,997,6,51,2021/01/30 00:00:00+00,2.33504567607499,0.0559679917081465
354,3462,3462,0,1173,959,3,29,2021/01/30 00:00:00+00,0.765222530056179,0.0141508477419569
355,3463,3463,0,2451,975,4,38,2021/01/30 00:00:00+00,1.68952626688719,0.0536730220396289
356,3464,3464,0,1115,926,2,14,2021/01/30 00:00:00+00,0.619517201295606,0.0117776090919423
357,3465,3465,0,9776,869,1,3,2021/01/30 00:00:00+00,2.42526701874404,0.0891732821754875
358,3467,3467,0,1193,893,1,5,2021/01/30 00:00:00+00,0.668232453274231,0.0104193701554079
359,3468,3468,0,286,921,2,12,2021/01/30 00:00:00+00,0.912223826753492,0.0225821464038819
360,3469,3469,0,280,963,4,31,2021/01/30 00:00:00+00,1.08087424098845,0.0232089180941219
361,3472,3472,0,1480,851,1,2,2021/01/30 00:00:00+00,1.63113113913215,0.0466291851390254
362,3475,3475,0,345,892,1,5,2021/01/30 00:00:00+00,1.66959009099135,0.0513346204596037
363,3477,3477,0,829,979,4,40,2021/01/30 00:00:00+00,3.87391756119055,0.205467993125052
364,3478,3478,0,2456,899,1,6,2021/01/30 00:00:00+00,2.38297920774346,0.0493723366137829
365,3480,3480,0,1856,947,3,22,2021/01/30 00:00:00+00,2.83296686971507,0.144434167351549
366,3482,3482,0,164,1007,6,59,2021/01/30 00:00:00+00,1.27166713633815,0.0518345674307448
367,3483,3483,0,889,977,4,39,2021/01/30 00:00:00+00,2.01641521457158,0.117571513707548
368,3485,3485,0,302,944,3,21,2021/01/30 00:00:00+00,1.28710339548972,0.062480949336802
369,3487,3487,0,93,964,4,31,2021/01/30 00:00:00+00,0.808031024554824,0.0315735936066553
370,3488,3488,0,115,966,4,33,2021/01/30 00:00:00+00,0.971466190654885,0.0305336538441343
371,3489,3489,0,57,980,4,40,2021/01/30 00:00:00+00,1.20588623362871,0.0449006419293079
372,3490,3490,0,1293,938,2,18,2021/01/30 00:00:00+00,12.2554335637834,1.52697509008742
373,3491,3491,0,133,983,5,42,2021/01/30 00:00:00+00,1.88815643835291,0.113517240544208
374,3494,3494,0,663,909,1,8,2021/01/30 00:00:00+00,1.99755129639528,0.091384021042884
375,3496,3496,0,6224,911,1,9,2021/01/30 00:00:00+00,5.03454784050512,0.331315402120478
376,3498,3498,0,5325,974,4,37,2021/01/30 00:00:00+00,0.450578825388117,0.00631312369693273
377,3500,3500,0,32738,906,1,8,2021/01/30 00:00:00+00,0.535124862059893,0.00763276670648704
378,3501,3501,0,1941,1015,7,64,2021/01/30 00:00:00+00,2.87454795886294,0.10058510762941
379,3505,3505,0,4832,926,2,14,2021/01/30 00:00:00+00,1.4949542238798,0.0525826378227487
380,3506,3506,0,36,1049,8,78,2021/01/30 00:00:00+00,1.08427439557324,0.0428921091818621
381,3507,3507,0,158,1016,7,64,2021/01/30 00:00:00+00,0.998957520288759,0.0457416085309658
382,3509,3509,0,233,1006,6,58,2021/01/30 00:00:00+00,1.42290884056129,0.0613378904100358
383,3512,3512,0,371,984,5,43,2021/01/30 00:00:00+00,1.90967562937897,0.12766287038388
384,3515,3515,0,1944,997,6,52,2021/01/30 00:00:00+00,0.90416104159431,0.022868535959671
385,3516,3516,0,694,971,4,35,2021/01/30 00:00:00+00,1.13806086039625,0.0343188008335067
386,3517,3517,0,1421,908,1,8,2021/01/30 00:00:00+00,2.37050056472157,0.100445815477428
387,3518,3518,0,1306,885,1,3,2021/01/30 00:00:00+00,3.48266609651524,0.113576135695093
388,3520,3520,0,180,833,1,1,2021/01/30 00:00:00+00,0.642191808075669,0.0100450814493677
389,3521,3521,0,660,965,4,33,2021/01/30 00:00:00+00,0.612397034885003,0.0117393224995684
390,3522,3522,0,339,993,5,48,2021/01/30 00:00:00+00,0.946989581118473,0.0196137689333636
391,3523,3523,0,3620,905,1,7,2021/01/30 00:00:00+00,1.63682820917857,0.0687528542707472
392,3525,3525,0,1301,937,2,18,2021/01/30 00:00:00+00,2.81239194469319,0.106865808673191
393,3527,3527,0,785,922,2,13,2021/01/30 00:00:00+00,2.70877419702305,0.11872731561275
394,3529,3529,0,121,1006,6,57,2021/01/30 00:00:00+00,0.855456054791729,0.0291059038576047
395,3530,3530,0,126,1006,6,57,2021/01/30 00:00:00+00,1.28493198404791,0.0483609095065325
396,3531,3531,0,191,1004,6,56,2021/01/30 00:00:00+00,0.856581954146365,0.033001872276391
397,3533,3533,0,778,918,2,11,2021/01/30 00:00:00+00,1.81998077915165,0.135055888081787
398,3537,3537,0,1043,960,3,30,2021/01/30 00:00:00+00,1.89099110285587,0.0781712712655266
399,3540,3540,0,291,912,1,9,2021/01/30 00:00:00+00,1.16665122452004,0.0520192243731007
400,3542,3542,0,157,1004,6,56,2021/01/30 00:00:00+00,1.20598313098706,0.0392145340824063
401,3544,3544,0,250,972,4,36,2021/01/30 00:00:00+00,1.57601156222347,0.0997415072381205
402,3546,3546,0,402,976,4,38,2021/01/30 00:00:00+00,1.54386841572486,0.122160777826608
403,3549,3549,0,3522,893,1,5,2021/01/30 00:00:00+00,2.24425245399669,0.0965717555870425
404,3550,3550,0,40339,956,3,27,2021/01/30 00:00:00+00,0.498128934562057,0.00531220091980139
405,3551,3551,0,29565,1028,8,71,2021/01/30 00:00:00+00,5.21342452782605,0.178214950412211
406,3555,3555,0,19687,926,2,14,2021/01/30 00:00:00+00,0.364302026159995,0.00413192445661872
407,3556,3556,0,13085,888,1,4,2021/01/30 00:00:00+00,0.977218323933285,0.025700344179372
408,3557,3557,0,785,982,5,41,2021/01/30 00:00:00+00,0.855703151273499,0.0270673623157749
409,3558,3558,0,913,920,2,12,2021/01/30 00:00:00+00,1.19191742999556,0.0347860471350748
410,3559,3559,0,542,985,5,44,2021/01/30 00:00:00+00,1.71339681947425,0.0570933487291984
411,3561,3561,0,4436,941,2,19,2021/01/30 00:00:00+00,1.57952077184036,0.0647582095496717
412,3562,3562,0,279,1004,6,55,2021/01/30 00:00:00+00,0.835857338145903,0.0140969222640525
413,3563,3563,0,808,921,2,12,2021/01/30 00:00:00+00,0.467811901851017,0.012016169635131
414,3564,3564,0,15944,951,3,24,2021/01/30 00:00:00+00,2.71518586697344,0.0641242941605543
415,3565,3565,0,109,1013,7,63,2021/01/30 00:00:00+00,0.312320376711757,0.00574932674996359
416,3566,3566,0,551,929,2,16,2021/01/30 00:00:00+00,0.688702953984572,0.0131396560605891
417,3567,3567,0,655,928,2,15,2021/01/30 00:00:00+00,1.03241607551994,0.0159254515814858
418,3568,3568,0,2945,946,3,21,2021/01/30 00:00:00+00,1.70545445640788,0.0512955678281761
419,3570,3570,0,753,952,3,24,2021/01/30 00:00:00+00,1.49520259892343,0.0573597794161363
420,3571,3571,0,318,1001,6,54,2021/01/30 00:00:00+00,0.947013632318241,0.0350171612342287
421,3572,3572,0,151,1004,6,55,2021/01/30 00:00:00+00,0.983100636970771,0.0275119226307431
422,3573,3573,0,333,978,4,39,2021/01/30 00:00:00+00,1.63614828432771,0.0631459336218145
423,3575,3575,0,811,936,2,18,2021/01/30 00:00:00+00,1.54939240741864,0.0782896604079965
424,3576,3576,0,74,1023,7,68,2021/01/30 00:00:00+00,0.8214988317297,0.0146227784539507
425,3579,3579,0,5365,932,2,16,2021/01/30 00:00:00+00,3.66481861380007,0.193623518617944
426,3580,3580,0,991,895,1,5,2021/01/30 00:00:00+00,0.605492432040309,0.00587935313420941
427,3581,3581,0,168,1008,6,60,2021/01/30 00:00:00+00,0.765506683461576,0.0143825592946862
428,3583,3583,0,209,965,4,32,2021/01/30 00:00:00+00,0.230251903368493,0.00285530431563049
429,3584,3584,0,1138,959,3,29,2021/01/30 00:00:00+00,0.678181253846498,0.0100087080608581
430,3585,3585,0,11206,937,2,18,2021/01/30 00:00:00+00,3.27685478133234,0.106507815817842
431,3586,3586,0,829,997,6,51,2021/01/30 00:00:00+00,1.96677473209357,0.0209051179593313
432,3588,3588,0,356,923,2,13,2021/01/30 00:00:00+00,0.315018898481644,0.00325578360755641
433,3589,3589,0,352,1002,6,54,2021/01/30 00:00:00+00,0.321134697638518,0.00299067417749101
434,3590,3590,0,336,989,5,46,2021/01/30 00:00:00+00,0.376365367185295,0.00323128607777931
435,3591,3591,0,159,1024,7,69,2021/01/30 00:00:00+00,0.274455060443404,0.00187240892937533
436,3594,3594,0,530,905,1,7,2021/01/30 00:00:00+00,0.342444805341905,0.00287137850228122
437,3595,3595,0,663,844,1,2,2021/01/30 00:00:00+00,0.268471254251713,0.00362008641396679
438,3596,3596,0,94,928,2,15,2021/01/30 00:00:00+00,0.649086963440162,0.0139619152839418
439,3597,3597,0,415,975,4,38,2021/01/30 00:00:00+00,2.51687376112061,0.11331625227977
440,3599,3599,0,132,963,4,31,2021/01/30 00:00:00+00,0.869062193170705,0.0161198598876283
441,3607,3607,0,131,1022,7,67,2021/01/30 00:00:00+00,0.480071596703433,0.00815859731126885
442,3608,3608,0,2418,950,3,23,2021/01/30 00:00:00+00,1.62106652123448,0.0537693653633285
443,3610,3610,0,1712,956,3,28,2021/01/30 00:00:00+00,1.03667078882611,0.026633339648438
444,3612,3612,0,1709,895,1,5,2021/01/30 00:00:00+00,1.09437587691656,0.0472834879072585
445,3614,3614,0,882,1016,7,64,2021/01/30 00:00:00+00,0.631576464164793,0.00852836508138044
446,3616,3616,0,5357,956,3,27,2021/01/30 00:00:00+00,1.16838612378391,0.0282068028123707
447,3617,3617,0,158,986,5,44,2021/01/30 00:00:00+00,0.326318978480529,0.0033504158665717
448,3618,3618,0,679,923,2,13,2021/01/30 00:00:00+00,0.396202128857335,0.0056111485320143
449,3620,3620,0,8240,941,2,19,2021/01/30 00:00:00+00,1.41364280693815,0.0361213024517181
450,3621,3621,0,2368,928,2,15,2021/01/30 00:00:00+00,0.845873579320265,0.0187203904058252
451,3622,3622,0,457,981,4,40,2021/01/30 00:00:00+00,0.784808231828505,0.0163810017132786
452,3623,3623,0,899,921,2,12,2021/01/30 00:00:00+00,0.510096608312496,0.013114234911182
453,3624,3624,0,561,922,2,13,2021/01/30 00:00:00+00,0.50236547706756,0.00844369521242316
454,3629,3629,0,9127,895,1,6,2021/01/30 00:00:00+00,1.44071374676945,0.0303056835633398
455,3630,3630,0,31272,904,1,7,2021/01/30 00:00:00+00,0.901753910084731,0.0142653554657213
456,3631,3631,0,11612,1024,7,69,2021/01/30 00:00:00+00,2.05584903410002,0.0650134788108887
457,3633,3633,0,605,988,5,46,2021/01/30 00:00:00+00,0.390971938559867,0.00543368084406645
458,3634,3634,0,1799,1002,6,54,2021/01/30 00:00:00+00,1.26675032953668,0.0309997791637967
459,3635,3635,0,537,948,3,23,2021/01/30 00:00:00+00,0.845688984551088,0.0181704719010331
460,3636,3636,0,5241,920,2,12,2021/01/30 00:00:00+00,1.25973080658151,0.0393905679741183
461,3637,3637,0,594,988,5,46,2021/01/30 00:00:00+00,0.952728417968587,0.0231029634121101
462,3638,3638,0,2074,940,2,19,2021/01/30 00:00:00+00,1.90299951125113,0.044567168785358
463,3639,3639,0,526,899,1,6,2021/01/30 00:00:00+00,1.85910078064082,0.0500064644387866
464,3640,3640,0,996,982,5,41,2021/01/30 00:00:00+00,0.787274982281297,0.016379320397009
465,3641,3641,0,1238,929,2,15,2021/01/30 00:00:00+00,0.862355547025457,0.0252650723062866
466,3644,3644,0,9227,919,2,11,2021/01/30 00:00:00+00,1.45289529061725,0.0474142013449386
467,3646,3646,0,584,980,4,40,2021/01/30 00:00:00+00,1.13671378556286,0.0341966662880657
468,3647,3647,0,44,1059,9,81,2021/01/30 00:00:00+00,0.181548273921368,0.00165861266268625
469,3649,3649,0,434,935,2,17,2021/01/30 00:00:00+00,0.588541837152767,0.0162130804300903
470,3658,3658,0,6222,946,3,22,2021/01/30 00:00:00+00,1.91435401525213,0.0622953423694582
471,3659,3659,0,736,1008,6,59,2021/01/30 00:00:00+00,0.791180354841345,0.0180462899838553
472,3660,3660,0,7574,905,1,7,2021/01/30 00:00:00+00,2.61551612878073,0.0637469062572009
473,3662,3662,0,1078,1101,10,93,2021/01/30 00:00:00+00,1.05194728495542,0.0417456943553408
474,3663,3663,0,182,1027,7,70,2021/01/30 00:00:00+00,0.467612519740793,0.00694703120752331
475,3664,3664,0,1070,987,5,45,2021/01/30 00:00:00+00,0.98170657857186,0.0231529729490478
476,3665,3665,0,359,1006,6,58,2021/01/30 00:00:00+00,0.784867975042453,0.0187084521606946
477,3666,3666,0,4698,946,3,21,2021/01/30 00:00:00+00,2.82013070183461,0.138106875976844
478,3669,3669,0,1337,964,4,32,2021/01/30 00:00:00+00,2.4629848228752,0.0842077778077671
479,3670,3670,0,572,964,4,32,2021/01/30 00:00:00+00,0.91785415529396,0.0255160748437223
480,3672,3672,0,10330,915,1,10,2021/01/30 00:00:00+00,0.940209365277523,0.0317425441114827
481,3673,3673,0,1732,1004,6,56,2021/01/30 00:00:00+00,2.92941230516184,0.090445254488027
482,3675,3675,0,1805,997,6,51,2021/01/30 00:00:00+00,1.96550482578206,0.0480848134159348
483,3677,3677,0,18102,932,2,16,2021/01/30 00:00:00+00,0.482752834373488,0.00490032198286077
484,3678,3678,0,6356,1033,8,72,2021/01/30 00:00:00+00,5.16416912386969,0.247274702252308
485,3682,3682,0,613,986,5,45,2021/01/30 00:00:00+00,1.12091659093802,0.0341064434826916
486,3683,3683,0,1757,955,3,27,2021/01/30 00:00:00+00,0.952898243292065,0.0267852620330153
487,3685,3685,0,2722,954,3,26,2021/01/30 00:00:00+00,2.05063252842115,0.0350914861914566
488,3687,3687,0,1098,941,2,19,2021/01/30 00:00:00+00,0.360699083423746,0.00367226107503231
489,3688,3688,0,1236,1005,6,57,2021/01/30 00:00:00+00,1.12757748680648,0.0192181955179958
490,3690,3690,0,33518,940,2,19,2021/01/30 00:00:00+00,0.644855593021676,0.00812875974520384
491,3691,3691,0,9704,1040,8,75,2021/01/30 00:00:00+00,5.99612586233444,0.184289393678758
492,3694,3694,0,90,1037,8,74,2021/01/30 00:00:00+00,0.0578815727252841,0.000184988673054936
493,3695,3695,0,471,1023,7,69,2021/01/30 00:00:00+00,0.889978275119613,0.0182495693849257
494,3697,3697,0,574,1002,6,54,2021/01/30 00:00:00+00,0.745797935624272,0.0141799633258135
495,3698,3698,0,862,1043,8,76,2021/01/30 00:00:00+00,0.341707816716328,0.00492828730897409
496,3699,3699,0,1124,933,2,17,2021/01/30 00:00:00+00,1.08531502320737,0.0508066431376584
497,3700,3700,0,1318,958,3,29,2021/01/30 00:00:00+00,1.3439138437107,0.0280317598261367
498,3701,3701,0,1078,993,5,48,2021/01/30 00:00:00+00,4.09747179177989,0.304060891110323
499,3704,3704,0,20,987,5,45,2021/01/30 00:00:00+00,0.795093651890658,0.0168623966970241
500,3705,3705,0,261,987,5,45,2021/01/30 00:00:00+00,0.830327749987388,0.0238730841209195
501,3707,3707,0,1836,942,2,20,,3.11383873029313,0.233038342800165
502,3708,3708,0,60,987,5,45,2021/01/30 00:00:00+00,0.589443959834399,0.00755545701070585
503,3709,3709,0,290,995,5,50,2021/01/30 00:00:00+00,1.66440554587974,0.0542072012171867
504,3711,3711,0,492,974,4,37,2021/01/30 00:00:00+00,0.439096371599335,0.00624615928977437
505,3712,3712,0,353,948,3,22,2021/01/30 00:00:00+00,1.0925733022811,0.0333762094480079
506,3713,3713,0,1024,903,1,7,2021/01/30 00:00:00+00,2.52484121848697,0.068734003153823
507,3714,3714,0,3509,961,3,30,2021/01/30 00:00:00+00,1.8031464760167,0.0627324542037189
508,3715,3715,0,307,996,6,51,2021/01/30 00:00:00+00,0.91790188164442,0.0238162705969693
509,3717,3717,0,2650,968,4,34,2021/01/30 00:00:00+00,2.04904351603012,0.102234529768117
510,3718,3718,0,72,1027,7,70,2021/01/30 00:00:00+00,0.572771677377539,0.00896349581664646
511,3719,3719,0,367,1003,6,55,2021/01/30 00:00:00+00,0.822983389267776,0.0239485914550159
512,3720,3720,0,570,946,3,21,2021/01/30 00:00:00+00,0.927864893484769,0.0195041159644928
513,3722,3722,0,5018,983,5,42,2021/01/30 00:00:00+00,1.76171875028763,0.0426985490932282
514,3723,3723,0,3005,997,6,52,2021/01/30 00:00:00+00,6.26528404861288,0.314992036290957
515,3725,3725,0,629,994,5,50,2021/01/30 00:00:00+00,1.41428816194869,0.0310883434152339
516,3726,3726,0,401,994,5,49,2021/01/30 00:00:00+00,0.982596209049666,0.0246324040185927
517,3727,3727,0,309,986,5,44,2021/01/30 00:00:00+00,0.947604449832114,0.0247395379160465
518,3728,3728,0,636,890,1,4,2021/01/30 00:00:00+00,1.14145740472686,0.0376802029612095
519,3730,3730,0,8833,941,2,19,2021/01/30 00:00:00+00,1.71617878757028,0.0486051805861612
520,3732,3732,0,588,974,4,38,2021/01/30 00:00:00+00,1.17513379356281,0.0256424461850545
521,3733,3733,0,215,986,5,44,2021/01/30 00:00:00+00,0.434031946012786,0.00582122574163214
522,3735,3735,0,602,995,5,50,2021/01/30 00:00:00+00,0.907193740772758,0.0209503724934169
523,3737,3737,0,4303,933,2,16,2021/01/30 00:00:00+00,3.92047262774677,0.17557022366483
524,3738,3738,0,219,955,3,27,2021/01/30 00:00:00+00,0.281566751488935,0.00279395893471907
525,3739,3739,0,212,955,3,27,2021/01/30 00:00:00+00,0.468620186046737,0.00538915831197708
526,3740,3740,0,1072,995,5,50,2021/01/30 00:00:00+00,2.06830731707093,0.0686412489240001
527,3741,3741,0,3100,985,5,44,2021/01/30 00:00:00+00,1.99400880126702,0.0760678585931703
528,3744,3744,0,453,993,5,49,2021/01/30 00:00:00+00,0.495814458746008,0.0044416243131523
529,3746,3746,0,385,977,4,39,2021/01/30 00:00:00+00,0.569247173600806,0.00565613205507195
530,3747,3747,0,4625,1013,7,62,2021/01/30 00:00:00+00,1.32990364705948,0.0425463238723826
531,3749,3749,0,1888,1037,8,74,2021/01/30 00:00:00+00,0.928674928698411,0.0187541087404453
532,3750,3750,0,9060,1019,7,65,2021/01/30 00:00:00+00,0.359244743779736,0.00549275838955595
533,3751,3751,0,277,952,3,24,2021/01/30 00:00:00+00,0.365395868860739,0.00532292259388531
534,3752,3752,0,24060,1023,7,68,2021/01/30 00:00:00+00,0.315329931813904,0.00219151020688534
535,3753,3753,0,2330,1023,7,68,2021/01/30 00:00:00+00,0.553273319010132,0.0113747895018597
536,3754,3754,0,37757,1030,8,72,2021/01/30 00:00:00+00,0.428330952014452,0.00571783746338383
537,3755,3755,0,252,1019,7,65,2021/01/30 00:00:00+00,0.237233780712454,0.00289457122428629
538,3756,3756,0,11926,988,5,46,2021/01/30 00:00:00+00,0.992983260130959,0.0204408099064549
539,3757,3757,0,8959,1002,6,54,2021/01/30 00:00:00+00,1.11860276212465,0.0290843754843452
540,3758,3758,0,2181,1021,7,66,2021/01/30 00:00:00+00,0.391566140932896,0.00454701335355991
541,3759,3759,0,1062,1083,9,89,2021/01/30 00:00:00+00,0.307937685698487,0.00215282164871843
542,3760,3760,0,369,1070,9,85,2021/01/30 00:00:00+00,0.260822054728542,0.0015069803863525
543,3761,3761,0,1226,1066,9,84,2021/01/30 00:00:00+00,0.489500468332347,0.00405699521612245
544,3762,3762,0,131,1059,9,81,2021/01/30 00:00:00+00,0.443736166525418,0.00412796785682743
545,3763,3763,0,1536,989,5,46,2021/01/30 00:00:00+00,1.01218320053786,0.0117364332827179
546,3764,3764,0,9165,984,5,43,2021/01/30 00:00:00+00,1.3594343610479,0.0445683111749556
547,3765,3765,0,6761,1034,8,73,2021/01/30 00:00:00+00,0.228238317622267,0.00112858549080709
548,3766,3766,0,1239,1068,9,85,2021/01/30 00:00:00+00,0.162111505167354,0.000866205829274351
549,3767,3767,0,1251,1070,9,85,2021/01/30 00:00:00+00,0.146391160302021,0.000812443334198242
550,3770,3770,0,3218,1024,7,69,2021/01/30 00:00:00+00,0.840566821550914,0.0137901216459763
551,3775,3775,0,3861,1042,8,75,2021/01/30 00:00:00+00,1.05194005346097,0.0177342205257306
552,3777,3777,0,10751,984,5,42,2021/01/30 00:00:00+00,1.31553767907337,0.0380949688008221
553,3778,3778,0,205,977,4,39,2021/01/30 00:00:00+00,0.785274227957645,0.0224675958660514
554,3779,3779,0,394,968,4,34,2021/01/30 00:00:00+00,1.58104758238112,0.0592017304298593
555,3781,3781,0,4477,997,6,52,2021/01/30 00:00:00+00,0.521388547287542,0.00434352738975474
556,3782,3782,0,7827,1042,8,75,2021/01/30 00:00:00+00,0.635908388076563,0.00908740017998217
557,3783,3783,0,2350,1031,8,72,2021/01/30 00:00:00+00,1.0244080412116,0.020738208651167
558,3785,3785,0,77,1104,10,94,2021/01/30 00:00:00+00,0.140748816181372,0.000563044595664959
559,3786,3786,0,1518,1099,10,93,2021/01/30 00:00:00+00,0.11845908136618,0.00046156065488324
560,3787,3787,0,1062,1099,10,93,2021/01/30 00:00:00+00,0.109023601553786,0.000349202435203718
561,3788,3788,0,1738,1072,9,86,2021/01/30 00:00:00+00,0.255929758074758,0.00181571334780348
562,3789,3789,0,265,1091,10,91,2021/01/30 00:00:00+00,0.132915393821682,0.000682765440876514
563,3791,3791,0,1437,1091,9,90,2021/01/30 00:00:00+00,0.249184388347134,0.00123432847257733
564,3792,3792,0,1065,1068,9,84,2021/01/30 00:00:00+00,0.115722344955127,0.000407463118744649
565,3793,3793,0,3577,1015,7,63,2021/01/30 00:00:00+00,0.249802063509563,0.00203564763229848
566,3795,3795,0,1246,1044,8,76,2021/01/30 00:00:00+00,0.345418989038845,0.00309003115916086
567,3796,3796,0,9702,1023,7,68,2021/01/30 00:00:00+00,0.223939485757447,0.00173846807742874
568,3797,3797,0,3476,954,3,26,2021/01/30 00:00:00+00,0.768921381887176,0.0145996997212605
569,3799,3799,0,5798,916,1,10,2021/01/30 00:00:00+00,1.4289713556252,0.0721596629591803
570,3800,3800,0,,,,,2021/01/30 00:00:00+00,0.0470015228837063,0.000122361088280143
571,3802,3802,0,24298,993,5,49,2021/01/30 00:00:00+00,0.178476490052356,0.00156535987505183
572,3803,3803,0,10855,942,2,20,2021/01/30 00:00:00+00,0.135143030302086,0.000865784469432604
573,3804,3804,0,8094,1075,9,87,2021/01/30 00:00:00+00,0.357789921403021,0.0032475921172511
574,3805,3805,0,56933,994,5,49,2021/01/30 00:00:00+00,0.292559262549309,0.0028164866153047
575,3806,3806,0,48520,1048,8,77,2021/01/30 00:00:00+00,0.412725936903734,0.00468895356282392
576,3807,3807,0,7097,1057,9,81,2021/01/30 00:00:00+00,0.228501349266988,0.00150804400912529
577,3808,3808,0,3033,1095,10,91,2021/01/30 00:00:00+00,0.413366037826946,0.00361860146827129
578,3809,3809,0,7210,1049,8,78,2021/01/30 00:00:00+00,0.424471425076352,0.00497821206143529
579,3810,3810,0,47894,968,4,35,2021/01/30 00:00:00+00,0.803041793664613,0.0151531155886363
580,3812,3812,0,2312,1024,7,69,2021/01/30 00:00:00+00,0.665373236332022,0.00999946963987166
581,3813,3813,0,886,1011,7,61,2021/01/30 00:00:00+00,0.528929725890178,0.00715277890365092
582,3814,3814,0,2255,1006,6,58,2021/01/30 00:00:00+00,0.64378590492281,0.00798728339224149
583,3815,3815,0,3022,1001,6,53,2021/01/30 00:00:00+00,0.803607724389014,0.0106685813432004
584,3816,3816,0,2721,946,3,21,2021/01/30 00:00:00+00,0.901696789633168,0.0155535468659416
585,3818,3818,0,14167,961,3,30,2021/01/30 00:00:00+00,1.36196523871848,0.0287370258175966
586,3820,3820,0,15952,979,4,40,2021/01/30 00:00:00+00,0.661595146557396,0.00763077549487298
587,3821,3821,0,2917,1025,7,70,2021/01/30 00:00:00+00,1.82076772004055,0.0306904259070769
588,3822,3822,0,985,1005,6,57,2021/01/30 00:00:00+00,0.5313373793757,0.00645663160673563
589,3823,3823,0,1838,982,5,41,2021/01/30 00:00:00+00,0.985383451524377,0.0125993268680993
590,3824,3824,0,5004,978,4,39,2021/01/30 00:00:00+00,1.48274485190186,0.0219658489981456
591,3825,3825,0,20281,884,1,3,2021/01/30 00:00:00+00,4.29930990136953,0.191786748707082
592,3831,3831,0,1702,1007,6,59,2021/01/30 00:00:00+00,0.859272311927129,0.018071239373443
593,3832,3832,0,247,1004,6,56,2021/01/30 00:00:00+00,0.532403569840147,0.00537184972334113
594,3833,3833,0,307,945,3,21,2021/01/30 00:00:00+00,2.80601867984569,0.0953583624938113
595,3835,3835,0,471,972,4,36,2021/01/30 00:00:00+00,0.649287484525552,0.00676461627959688
596,3840,3840,0,16476,864,1,2,2021/01/30 00:00:00+00,1.67771124099487,0.0351231745685066
597,3842,3842,0,4783,891,1,4,2021/01/30 00:00:00+00,0.233121982592513,0.00221309252053697
598,3844,3844,0,28980,964,4,32,2021/01/30 00:00:00+00,2.59058678787417,0.0594169236671981
599,3847,3847,0,2191,951,3,24,2021/01/30 00:00:00+00,2.1123603407323,0.0499703698321521
600,3850,3850,0,14779,956,3,28,2021/01/30 00:00:00+00,0.504081655883444,0.0049941303416511
601,3851,3851,0,5687,961,3,30,2021/01/30 00:00:00+00,4.21348462997998,0.193765278750266
602,3852,3852,0,93,1072,9,86,2021/01/30 00:00:00+00,0.158993939092893,0.00088803828938308
603,3854,3854,0,1397,1009,6,60,2021/01/30 00:00:00+00,0.944434400663965,0.0177084967336004
604,3856,3856,0,989,966,4,33,2021/01/30 00:00:00+00,0.823214183937377,0.0152659746390133
605,3857,3857,0,364,997,6,52,2021/01/30 00:00:00+00,0.652629262180624,0.00650587823245072
606,3858,3858,0,3025,934,2,17,2021/01/30 00:00:00+00,4.06640737675856,0.263031994139372
607,3859,3859,0,834,994,5,50,2021/01/30 00:00:00+00,0.961276061175444,0.0197949292203563
608,3860,3860,0,7172,953,3,25,2021/01/30 00:00:00+00,2.99289278714511,0.142737112883226
609,3862,3862,0,3156,973,4,37,2021/01/30 00:00:00+00,5.42461792411238,0.311358784705096
610,3864,3864,0,217,980,4,40,2021/01/30 00:00:00+00,1.00269972034176,0.0191565357133509
611,3865,3865,0,449,946,3,22,2021/01/30 00:00:00+00,0.184534428046799,0.00131973491148315
612,3869,3869,0,1626,983,5,42,2021/01/30 00:00:00+00,0.731810616989685,0.0100220895961832
613,3870,3870,0,1271,973,4,37,2021/01/30 00:00:00+00,1.391869078985,0.0282283953855769
614,3871,3871,0,2902,983,5,42,2021/01/30 00:00:00+00,1.92624411983356,0.0300432695943995
615,3873,3873,0,321,1001,6,53,2021/01/30 00:00:00+00,0.683068721496335,0.00955420362267617
616,3874,3874,0,558,922,2,13,2021/01/30 00:00:00+00,1.39760699453323,0.0278160877637365
617,3875,3875,0,18625,941,2,19,2021/01/30 00:00:00+00,4.21279727967842,0.245675943426126
618,3878,3878,0,1094,967,4,33,2021/01/30 00:00:00+00,0.371216392629714,0.00185307225091095
619,3880,3880,0,4032,952,3,25,2021/01/30 00:00:00+00,1.04285645172935,0.0171875069301425
620,3882,3882,0,1095,958,3,28,2021/01/30 00:00:00+00,0.539885763019566,0.00698494514274952
621,3885,3885,0,1871,943,2,20,2021/01/30 00:00:00+00,5.07421732111322,0.372198296393584
622,3886,3886,0,389,947,3,22,2021/01/30 00:00:00+00,0.503490256697972,0.00565089225925732
623,3887,3887,0,342,904,1,7,2021/01/30 00:00:00+00,1.08935566817074,0.0325701541842424
624,3888,3888,0,3426,902,1,6,2021/01/30 00:00:00+00,5.59592623824878,0.34316503046023
625,3889,3889,0,184,935,2,17,2021/01/30 00:00:00+00,2.5078560956221,0.174772249987719
626,3890,3890,0,324,850,1,2,2021/01/30 00:00:00+00,2.39160233211902,0.174961451432667
627,3891,3891,0,106,1020,7,66,2021/01/30 00:00:00+00,1.95373757842591,0.135681556563017
628,3892,3892,0,1063,933,2,17,2021/01/30 00:00:00+00,1.03674377846668,0.0248598096377386
629,3893,3893,0,23,974,4,37,2021/01/30 00:00:00+00,1.38576435139216,0.0382349761742131
630,3895,3895,0,193,972,4,36,2021/01/30 00:00:00+00,1.17031240458867,0.0291692549403598
631,3896,3896,0,406,958,3,29,2021/01/30 00:00:00+00,2.66037309724084,0.11145241834997
632,3898,3898,0,790,971,4,35,2021/01/30 00:00:00+00,2.26685077999305,0.141021185734991
633,3900,3900,0,149,947,3,22,2021/01/30 00:00:00+00,2.07585957704545,0.122448397601497
634,3902,3902,0,408,924,2,14,2021/01/30 00:00:00+00,0.283294849862772,0.00270940799846797
635,3903,3903,0,751,948,3,23,2021/01/30 00:00:00+00,0.364059213167955,0.00426084574378899
636,3904,3904,0,1449,993,5,49,2021/01/30 00:00:00+00,0.308789696009708,0.00282776451396769
637,3909,3909,0,7901,913,1,10,2021/01/30 00:00:00+00,1.08452325815779,0.0334804675998248
638,3910,3910,0,22588,1010,7,61,2021/01/30 00:00:00+00,0.238240010546731,0.00296538972361982
639,3911,3911,0,3414,1001,6,53,2021/01/30 00:00:00+00,0.282727715055642,0.00192169046827516
640,3912,3912,0,15157,1002,6,54,2021/01/30 00:00:00+00,0.504738205934633,0.00743783414753641
641,3913,3913,0,3338,1020,7,66,2021/01/30 00:00:00+00,0.271158352809075,0.00242713923224044
642,3915,3915,0,9960,907,1,8,2021/01/30 00:00:00+00,0.553228103030116,0.00668040704710958
643,3916,3916,0,955,1097,10,92,2021/01/30 00:00:00+00,0.36594735704438,0.00363107675069434
644,3918,3918,0,3705,1003,6,55,2021/01/30 00:00:00+00,0.256134524110151,0.001772321647615
645,3919,3919,0,3183,934,2,17,2021/01/30 00:00:00+00,0.14961842063346,0.000677007998626879
646,3920,3920,0,1040,1096,10,92,2021/01/30 00:00:00+00,0.310967361339902,0.00158832845569328
647,3921,3921,0,119,964,4,31,2021/01/30 00:00:00+00,0.809758822993236,0.0175440831452241
648,3922,3922,0,7738,952,3,24,2021/01/30 00:00:00+00,0.761061810012463,0.00775744690931539
649,3923,3923,0,519,974,4,37,2021/01/30 00:00:00+00,0.191372163346306,0.00106408755461104
650,3925,3925,0,3384,992,5,48,2021/01/30 00:00:00+00,0.63794598352255,0.00318012734978289
651,3926,3926,0,3242,1065,9,84,2021/01/30 00:00:00+00,0.414217407474831,0.00558074983548693
652,3927,3927,0,1667,1063,9,83,2021/01/30 00:00:00+00,0.197750673852588,0.00153764061926578
653,3928,3928,0,416,1105,10,94,2021/01/30 00:00:00+00,0.286145211806852,0.00296421832025871
654,3929,3929,0,905,1101,10,93,2021/01/30 00:00:00+00,0.466559930314204,0.00569044570508082
655,3930,3930,0,17888,1121,10,97,2021/01/30 00:00:00+00,0.208550919981719,0.00238737391337099
656,3931,3931,0,23989,1006,6,58,2021/01/30 00:00:00+00,0.222678759696128,0.00217205517509283
657,3933,3933,0,1098,1092,10,91,2021/01/30 00:00:00+00,0.281921679577484,0.00441502529684478
658,3934,3934,0,18548,1076,9,87,2021/01/30 00:00:00+00,0.253975785553194,0.00311026226342565
659,3936,3936,0,11024,991,5,47,2021/01/30 00:00:00+00,0.388025692713439,0.00464328032022108
660,3937,3937,0,1524,1078,9,87,2021/01/30 00:00:00+00,0.324601904120295,0.00398704311218799
661,3938,3938,0,2823,1008,6,60,2021/01/30 00:00:00+00,0.104901189022941,0.000442034983402855
662,3939,3939,0,14524,943,2,20,2021/01/30 00:00:00+00,0.623987734742254,0.0100809771322292
663,3940,3940,0,4930,890,1,4,2021/01/30 00:00:00+00,0.107709765777733,0.000563388112124322
664,3941,3941,0,12172,968,4,34,2021/01/30 00:00:00+00,0.299163333106482,0.00251571823151118
665,3942,3942,0,2313,1030,8,72,2021/01/30 00:00:00+00,0.118611363879657,0.000648182600710302
666,3943,3943,0,1592,1059,9,81,2021/01/30 00:00:00+00,0.162676568274031,0.000746853592782777
667,3944,3944,0,510,1130,10,99,2021/01/30 00:00:00+00,0.231618888270322,0.00114250561527202
668,3945,3945,0,978,1006,6,58,2021/01/30 00:00:00+00,0.962605765831497,0.0158450135719539
669,3946,3946,0,209,1007,6,58,2021/01/30 00:00:00+00,0.365071541757114,0.00315837042517946
670,3950,3950,0,4800,923,2,13,2021/01/30 00:00:00+00,0.829442328090923,0.0124846796652827
671,3951,3951,0,1003,1012,7,62,2021/01/30 00:00:00+00,1.09503170200393,0.0188513524310175
672,3953,3953,0,7855,969,4,35,2021/01/30 00:00:00+00,1.96475185366285,0.0521080026532885
673,3954,3954,0,404,1039,8,74,2021/01/30 00:00:00+00,0.322985850622413,0.00380085243847277
674,3956,3956,0,2821,967,4,34,2021/01/30 00:00:00+00,2.26000212549215,0.0516122383861293
675,3957,3957,0,281,1010,7,61,2021/01/30 00:00:00+00,0.527527577214993,0.00675022759748232
676,3958,3958,0,272,1034,8,73,2021/01/30 00:00:00+00,0.769864254812215,0.0112849062025913
677,3959,3959,0,1151,1014,7,63,2021/01/30 00:00:00+00,0.857967358314177,0.0219292444195823
678,3960,3960,0,2474,965,4,32,2021/01/30 00:00:00+00,3.81157893932799,0.0862744990863916
679,3962,3962,0,914,917,1,10,2021/01/30 00:00:00+00,1.24048503235417,0.0155374055381442
680,3964,3964,0,134,963,4,31,2021/01/30 00:00:00+00,0.110199126449014,0.000299538105858906
681,3965,3965,0,209,899,1,6,2021/01/30 00:00:00+00,0.180949654051129,0.000918391135763423
682,3966,3966,0,511,948,3,23,2021/01/30 00:00:00+00,0.872443734541201,0.0128411653382521
683,3967,3967,0,125,951,3,24,2021/01/30 00:00:00+00,0.970382441581069,0.00909998110939093
684,3971,3971,0,4018,917,2,11,2021/01/30 00:00:00+00,5.159252465685,0.0863796772563347
685,3975,3975,0,15248,1038,8,74,2021/01/30 00:00:00+00,0.218918337984437,0.00137013509908159
686,3976,3976,0,25530,919,2,11,2021/01/30 00:00:00+00,0.16835482085981,0.00137091499649528
687,3977,3977,0,93326,987,5,45,2021/01/30 00:00:00+00,0.842249349676511,0.01467879266096
688,3978,3978,0,10648,1049,8,78,2021/01/30 00:00:00+00,0.501988981754526,0.0098519091022534
689,3979,3979,0,321,1028,8,71,2021/01/30 00:00:00+00,0.639188734964361,0.00721111569273151
690,3980,3980,0,3350,982,5,41,2021/01/30 00:00:00+00,0.445607762234543,0.0038114251837896
691,3981,3981,0,4898,965,4,33,2021/01/30 00:00:00+00,1.12792448711184,0.0204127736499848
692,3984,3984,0,5209,910,1,9,2021/01/30 00:00:00+00,1.32552290276911,0.0242024103125858
693,3987,3987,0,1527,964,4,32,2021/01/30 00:00:00+00,0.513707832337275,0.00819329668379196
694,3988,3988,0,999,976,4,38,2021/01/30 00:00:00+00,0.740404685273495,0.0130534138310983
695,3990,3990,0,106,950,3,23,2021/01/30 00:00:00+00,0.306727102788329,0.00265873722276102
696,3991,3991,0,359,929,2,15,2021/01/30 00:00:00+00,0.371527142230138,0.0050818238522403
697,3992,3992,0,967,956,3,28,2021/01/30 00:00:00+00,0.648811948334265,0.0102340521761818
698,3995,3995,0,10173,902,1,7,2021/01/30 00:00:00+00,1.26119211109081,0.0205580607976943
699,3996,3996,0,5538,1004,6,56,2021/01/30 00:00:00+00,0.936195794244196,0.0157005195486422
